text,true_label,predicted_label,confidence,chain_stage,proposer_label,reviewer_label,resolver_label
"I (M20) think that my best friend (M21) may be suicidal. I cannot visit him due underlying health conditions. I've tried ringing/knocking on the door but he does not answer. What do I do?Good evening folks,

I have reason to believe that my best friend, that I have known since we were three years old, is suicidal. I won't dig into details but I want to know how to protect him and make sure that he knows I care. So what do I do? And how do I tell him I care without seeing him (lockdown) and make sure I don't lose him? I've already lost a cousin to suicide and I know the pain. How do I keep him with us?

Any advice much appreciated. :)

^(Crossposted from) r/relationshipadvice",Suicidal,Suicidal,0.6907,proposer,Suicidal,Depression,Suicidal
motivated to sleep but i m feeling quite icky,Normal,Normal,0.7999,proposer+reviewer_agree,Normal,Normal,Normal
just finished ucl,Normal,Normal,0.8778,proposer+reviewer_agree,Normal,Normal,Normal
"Long story short I have always overslept , no matter when I get to bed . Most of the time its because my half awake brain stops the alarm and its game over from there . Even when I wake up from the alarm , I can be 5 minutes late from sitting in bed too long . I do not what else I can change , even if I had a later start time I think the same thing would happen . Bc I can literally sleep for 20 hrs . I have had understanding managers and coworkers in the past , but it always comes to the point where their understanding can only go so far . Looking for any help to stop this pattern , or to help managers understand I am not irresponsible...just depressed Thank you Chronic oversleeping due to depression leaves me consistently (inconsistent) and late to work . Advice ? Help me advocate for myself ? Is it wild to think accommodations could be made?",Depression,Depression,0.8358,proposer+reviewer_agree,Depression,Depression,Depression
i lost my ambition when i wa somewhat and now we re 0 going on failed everything don t know what to do or who to talk to i told myself in september that if i end up in the same position i wa in the year prior i d kill myself seeing a i wa unable to find some shred of purpose then time ha repeated itself and now i m obviously anxious about it but i don t know if i can find another purpose because of the backlash i would receive from my family for wasting their time i told myself thing would be different but they never changed even if i tried my best to change them so if this is my last post then it s my last post i chose reddit i just hope in the next life if there is one that god at least give me more willpower and or intelligence because i honestly can not traverse this planet in this meatbag,Depression,Depression,0.8144,proposer+reviewer_agree,Depression,Depression,Depression
my life wa so promising and happy once that one thing left and i feel like i ll never get my innocence back i ve been on a constant stat of high alert and now i m burnt out i have no motivation heavily fatigued no matter how much sleep i get nothing seems worth it anymore,Depression,Depression,0.7738,proposer+reviewer_agree,Depression,Depression,Depression
"my agoraphobia has taken over my entire life. just had to tell my family i can’t be there because i can’t function enough to do so. i was told that i have ruined christmas and they’re completely shocked that they are even having this conversation with me. i’m a total failure. i don’t feel any form of happiness right now and just feel like an entire sack of shit. i hope no one else is going through this, but i’m sure there are people with the same problem. i hope everyone’s making it through the holidays alright.",Anxiety,Depression,0.8532,reviewer+resolver_agree,Anxiety,Depression,Depression
"Is there anything else I can do?The first time I ever had the urge to kill myself I think I was 11.  Not much has changed for me since then.  I've done therapy before, with a couple different people.  I also tried leaning on illicit drugs, lots of different stuff.  Nothing helps.  I'm not happy.  I'm a waste of resources.  I'm useless to those around me.  I'm about to graduate college without a job or any skills to speak of and I can't keep coming up with reasons not to do it.  Nothing works, nothing helps for more than a few hours at a time.  Nothing is ever going to get better.  I'm tired of therapists repeating my own points back to me and say in g they're just my opinion, and I can't think of anything else I could try to change my situation.",Suicidal,Depression,0.738,reviewer,Suicidal,Depression,Suicidal
"I am a 30 year old female and just did a sperometer today They said i have the lung of a 76 year old. I have never smoked a day in my life and second hand smoke i tried to not be around. I am 5'4 and 200lbs but trying to drop more weight. They think i might also have hyperthyroidism. I am more worried that i might have something severe with breathing. Never had asthma. I try to exercise but i end up feeling like i am gonna pass out. 
They were suppose to call me today but no word yet. I am just worried i am gonna die too young like my mom did....who had a myriad of health problems.

Sorry for any errors I'm on mobile.",Anxiety,Depression,0.6725,reviewer,Anxiety,Depression,Suicidal
"this is the day 10 of my new treatment with escitalopram, started with 5 mg the first week, now at 10 mg. the most amazing thing is that i don't feel bad anymore. rumination was killing me for the last 3 months. it was intense, every day, since i was opening my eyes in the morning. my therapist told me about the possibility of taking drugs, and i totally agreed with that from the beginning. so i started to see a psychiatrist to help me with this issue. 24 hs after taking the first half pill, the intrusive thoughts disappeared. the second realization was that i could remember things faster. my eloquence came back and i stopped mixing words when i am talking. i became pro-active without thinking about the tasks so much. things i was avoiding all the time because i was thinking i was lazy, i can do it right away. even it works with people, normally friends or family. i don't want to avoid them anymore with silly excuses. the most important part is: i can see the canvas of the future again and draw on it my dreams and projects one more time. it is too early to come to conclusions, i know, but i wanted to express my joy to live again a normal life.",Anxiety,Depression,0.8583,reviewer,Anxiety,Depression,Anxiety
"I haven't slept well for 2 days, it's like I'm restless. why huh :([].",Anxiety,Anxiety,0.8984,proposer+reviewer_agree,Anxiety,Anxiety,Anxiety
"i'm a female from canada, i could really use a response. this is my first post ever, so i really hope this doesn't break any rules or this post gets taken down, i'm new here but i've read a lot of reddit posts before so i thought i could join this community... sadly my first post isn't a happy one... we're a native american family, only me and my dad live together. he's as old as 46, he's a residential school survivor, his mother was emotionally and physically abusive, he has cancer, and has had troubles with alcohol. my mother passed away when i was 13 but i never knew her. so it's just me and my dad. i've tried to call cfs on him many times but he always manages to look like a good parent when they're around. he hates social workers and hates dealing with them. he doesn't want to go to therapy or get any help. he thinks ""there is no point if he's just going to die from cancer anyway"". he can't make up his mind about decisions too, so that doesn't help. he will make a big story to child and family services like, ""she's seriously out of control, it's so hard to be a parent, i'm doing the best i can to take care of her, feed her, give her a good place to sleep, pity me, not her ;~;"" and cfs completely disregards my stories and accepts his one story as solid fact. meanwhile when we get home, he yells at me, ""stop fucking calling cfs, i don't need that fucking shit, i fucking hate social workers, i'm not an abusive parent, i try to take care of you"". are you kidding me? he sometimes starves me and selfishly spends the child tax cheque on himself. when he yells at me, i usually never say anything. he can go on for an hour and i'd say nothing. it always just feels pointless to use my words on someone who won't listen. even i say something, he'd tell me to shut up. my dad has slapped me a lot as a child and never stopped, but this fight was different. we were arguing in the morning, i was getting ready for school but he wanted me to do the laundry if i'm not attending school. i said, ""i'm going to school!"". he took it as if i don't want to do the laundry. he threw insults at me(idiot, dependent, lazy, failure, ungrateful, ignorant, 'stupid runaway'), he was guilt-tripping me, and was talking about how i'm a failure, he was saying i can't live on my own. i started to cry because he doesn't care about whatever i say, he doesn't stop to apologize or try to make things work, he just wants things to always go his way. i try to please him, i try to get his approval, but you know what? i can never get it. i don't even have his respect. i expressed the words, ""i don't want to live here anymore..."" i always feel unsafe at my home, like an impending doom that he will go absolutely crazy and kill me someday. i want to survive and live. i know out there somewhere must be a safe and loving place... i was crying, ""i don't want to live here anymore..."" i was holding my keys, and my dad came storming towards me with that terrifying murderous look in his eyes, he was trying to grab for my keys but i ran for the bathroom and tried to close the door on him. he got jammed in-between the door, and i slammed the door on his body, it looked like it hurt him, and he got more furious. he pushed the bathroom door open and it flung me onto the wall, squashing me like a sandwich. i was screaming ""fuck off!"" (i never use this language on my dad! he looked red!) his hands were crushing my tiny frail fingers, i was trying hard to hold onto my keys, but he sunk his nails into my hands, causing them to bleed. i was screaming, ""you're hurting me!!"" he responds, ""you always hurt me!!!"" he got my keys and broke the keyring decorations. he walks away satisfied that he got my keys. my hands were shaking and i look at them, they're dripping all over the floor. i felt like i lost my mind. i felt like that is not even my dad. so i decided to stand up for myself for once, i pushed him really hard from behind, he goes crashing and flying into some plastic rigid milk crates (we use those for holding our clothes). he was surprised, and then i started to punch him hard with my good left hand, i was punching as hard as i could, holding him down with my knee, he looked terrified. i was crying and screaming, ""you hurt me!!!"" i was punching at his body for a few times, but he stumbled and got up and just ran away holding my keys. violence solved nothing. he was still being himself. he told me to just 'run away, get the hell out of his life'. i could only break into more tears. so i decided to do what he says... i packed a backpack of clothes, toothbrush/toothpaste, a book, my bus pass, stuff that should keep me out for a week unless i find a washer and dryer to wash my clothes. i managed to survive 2 days and shower and keep clean. i decided to call my dad after 2 days. he said he was sorry, and that 'he knew that he crossed the line by making me bleed'. but i felt like it was a lie, and he said i don't know forgiveness. that isn't true, i've forgiven him many times but he still manages to continue to make these mistakes. i asked if he wants to make this work, and i made a formal proposal for respect. ""you don't have to like me, you don't have to love me. you just have to stop insulting me, stop fighting me, stop harassing and abusing me like this. let me be responsible for myself, stop nagging me. i can take care of myself, you must be aware that i will age, dad."" ""no, come home tomorrow morning. you'll do as i say."" he didn't take it or even listen to what i said, of course... he threatened on the phone that if i don't come home, he will move out of the province and let me run away. he hung up the phone when i called him an abusive parent. he wants things to go the way he wants, he wants someone to yell at, someone to ""vent at"", someone to hurt, i'm just his stress ball, aren't i? if he can't have that, then there's no deal... his common habits are lying, when i confront him about his abuse, he says i'm crazy and making things up in my head and tries to make me question my sanity. it doesn't work, i'm too smart for that. i have incredible sense of memory. he can't admit that he's an abusive parent. it's been 6 days i've been away. 2 days, i haven't heard or seen from him since. i'm scared he's packing his bags and getting ready to leave for the next province. there's 20 days until i turn 18. (this is a whole separate thing, but i feel like i should include this) i have a boyfriend in ireland that i've been with for a year now, i have never met him in real life. but he wants me to live with him in ireland and get me out of this situation as fast as he can. believe me, he's real, he's 16 and i was friends with him for longer than 4 years. his family really wants to rescue me too. i've met his family on video calls. he wants to fly me out of canada so i can get away from my dad and be with people that love me. i think my boyfriend is tired of hearing about this... i don't think it matters much if i go back home, or stay out and live on my own and go to ireland to live with my boyfriend... but i'd like to go home and try and see if things work out with my dad... but i don't think he'll change. he's always been refusing to change... is this how he wants me to remember him when he dies of cancer? i want things to work with me when or if i come home... i have a bit of doubt in myself that i can live on my own... it's only been 6 days, i miss my crappy bed and great computer... tl;dr: expressed the words ""i don't want to live here anymore"" from all the emotional abuse, dad made my hands bleed, beat the living crap out of my old man, he told me i have a choice of whether to leave or stay, i decided to leave, i'm on the run(6th day), gave him a phone call and he said i have a choice to come home or he will move out of the province, or i will live completely on my own. i'm going to turn 18 soon. not sure what to do now, whether to come home to an abusive dad that seems unwilling to change and potentially hurt me very badly this time, or try to grow up early, get a job and keep going on the run and wait until i make it to ireland where my boyfriend resides. additional details are in the post. i'm sorry for the really long post! please help! edit: i feel like i should've added how i'm feeling about all this. i feel sad, empty, like no one wants to care for me. i feel like the only person who cares for me in my life is my boyfriend. but i've been trying really hard to stay strong throughout all this... i feel like i have no time for tears anymore, i have to keep pushing forward for change. my tears can wait for now. the next kind of tears i want are to be happy ones... i gotta keep pushing through this tough wind. i'm scared i'll become depressed and not want to continue this one last push... i'm scared i'll just stop and give up and not try anymore... i wish someone would tell me that i can hang in there... i'm scared i'll lose the feeling of believing in myself... i've had a long history of depression since i was 11... i think i finally see a bit of light after this tunnel of darkness for 6 years... i think this is the most positive feelings i've had in a long time... i'm ready to hear responses after keeping this to myself for years in the dark. i always planned on posting something about this but i'd always change my mind... life's a battle. i hope to keep fighting. i need to be ready for my next challenges ahead...",Depression,Depression,0.9048,reviewer+resolver_agree,Depression,Depression,Depression
they need a left-turn arrow.,Normal,Normal,0.8156,proposer,Normal,Depression,Normal
I am the worst person in the world. I cannot stop crying and I just feel that I need to kill myself. I am ruining everyone is night. we are going to a place with even more people and I am going to ruin everyone is night there too. I should not exist. I should not be here. I am awful. All my symptoms burden EVERYONE. I hate myself for it so much. I should just kill myself.I just want to die. I am around my family and the tears will not stop. I am the bad guy.,Depression,Suicidal,0.7525,proposer,Suicidal,Depression,Suicidal
I'm so fucking tired of depression. I woke up feeling productive today now I don't want to do anything I feel shitâ¦ https://t.co/hdyYYzOq6X,Suicidal,Depression,0.6256,proposer,Depression,Depression,Depression
"Twitching i’ve always had random twitches since i developed health anxiety and i’ve been able to dismiss it always, especially being that it’s been 6 years. (although, if i dismissed then and lowered my anxiety why did they remain?) and on thursday i just started having them consistently in my legs. thursday i was in a bad mood but, not that anxious? anyway it’s either that or random stinging pain. pain but, doesn’t really hurt at all. i’ve been to the gym, ran, whatever, all good but i’m still concerned about circulation issues or whatever, googling it all lol.",Anxiety,Anxiety,0.9804,proposer,Anxiety,Depression,Anxiety
Trying again because the first one got removedMaybe it's a sign. Maybe everyone does hate me. I hate myself too. I need to fucking die.,Suicidal,Suicidal,0.5664,proposer,Suicidal,Suicidal,Suicidal
"I tried, I really did. Life just is not for me. How many years must I suffer before I gain the courage to off myself?I really wish getting a gun would be easier. It does not get better.",Suicidal,Suicidal,0.8182,proposer+reviewer_agree,Suicidal,Suicidal,Suicidal
"It's getting closer to Eid Al-Fitr, there is a feeling of restlessness and restlessness even though I can cover it with my smile.. It's been almost 8 years of Hari Raya without meaning and getting used to it... Just be grateful to Allah that I can still fast for Ramadan and Eid... That's it",Anxiety,Anxiety,0.7906,proposer,Anxiety,Normal,Anxiety
trigger warning self harm hello i m a 0 year old male and have bipolar i i wa recently diagnosed but knew for year i wa bipolar i just never had the courage to actually seek help due to the stigma i ve been on one medication already lamictal that back fired on me and i m hesitant but desperate to go on something else to help with the severe depression and suicidal ideation i ve never had thought of self harming but last night i started to and it s only intensifing i scratched my arm raw earlier and i hate to even say that i m ashamed i fear i ll use a sharp object next and that scare me most of all because i don t trust myself to stop once i start i need someone to talk to i have no friend and my life is pure hell,Depression,Depression,0.8817,proposer+reviewer_agree,Depression,Depression,Depression
tonight's the last time i'll sport this Milla-Jovovich-esque hair http://tinyurl.com/6yabk6 ) will finally have a straight do tomorrow,Normal,Normal,0.7866,proposer+reviewer_agree,Normal,Normal,Normal
"I do not see another way out really, i found out i am not wanted, who wants this. Every day i just feel hated, everyone i know are fading away. This weekend will be remarkable, not do i because more pain on others, and i will stop myself from looking back at my life in regret. Everything i have done is wrong, what matters to me do not matter at all, what am i even trying to do? Why do i give love to people that hurt me, my next achievement is the most love i will ever have given. My overdose and cut will be the hardest thing I have done, and i want to show what i feel through it. I swear I am not insane, i just want to depart in peace. Just like i finally do writing this. Good bye, i doubt anyone will read this, but thank you if you did i mean it. Good bye, godspeed I am going to kill myself this weekend",Suicidal,Suicidal,0.7531,proposer+reviewer_agree,Suicidal,Suicidal,Suicidal
"I just feel constantly guilty. I feel guilty when I am not depressed because I am a pretentious smartass that has to tell his opinion on everything all the time. I feel guilty when I am depressed because people around me feel like they are the reason for it, which they are not but also kind of are. I hate people and I hate myself the most. I have to be in the centre of attention all the time but i do not want to.I have been through this once and I do not want to go through it again, I just cannot. Guilt",Depression,Depression,0.808,proposer+reviewer_agree,Depression,Depression,Depression
boningwigald so sieht meine momentane depression au,Depression,Depression,0.9962,proposer+reviewer_agree,Depression,Depression,Depression
Waking up feeling stuck is a bit scary huh,Normal,Normal,0.7866,proposer+reviewer_agree,Normal,Normal,Normal
"Urinary retention when I wake up in the morning? When I wake up in the morning to pee, pee doesnt seem to pass right away even though I have the urge. Sometimes i had to sip a bit of water to pass it. However, i pass urine normally during the day.
Has anyone experienced this? I can’t seem to find articles online.",Anxiety,Anxiety,0.7602,proposer,Anxiety,Depression,Anxiety
"things that used to make me happy just don't. video games, movies, tv, music, spending time with family, playing with my dog, etc. all of those were what i enjoyed spending time doing. people even accused me of wasting​ too much time doing some of them and i'd just think to the quote that floats around reddit sometimes about time you enjoy wasting isn't wasted time and happily keep doing it. but now none of those make me feel anything anymore. i have hundreds of video games to play, but whenever i load one up i just close it out. i have tons of movies i've wanted to watch in the past but i can't get 30 minutes in. music doesn't sound as good as it used to. my family doesn't seem to care what i do anymore and my little brother and sister don't seem to be as excited to see me anymore. my dog wants to play but i don't have the energy so i just take her to the yard and watch her run around. i spend my time buying new games on my ps4 and dlc for my old games hoping something clicks and i once again can spend hours getting lost in a game and being happy. but no, i just wind up wasting my money on something else i'm not gonna play and browse reddit mindlessly because at least then the time passes a bit faster. i look forward to new games coming out, but ultimately i know i'll most likely end up not wanting to touch them a week after they come out. i spend my work days wishing i was home and i spend my time at home worrying about the fact that i'm wasting my free time before i have to go to work the next day. i am so done with feeling like this but it just won't go away.",Depression,Depression,0.954,reviewer+resolver_agree,Depression,Depression,Depression
"please just answer my question!which pills kill if I take them with alcohol?I have been considering carbon monoxide poisoning myself but I do not want to risk permanent brain damage, I just want to go unconscious and pass away quietly. what medication kills?",Suicidal,Suicidal,0.8243,proposer+reviewer_agree,Suicidal,Suicidal,Suicidal
"my dad has been an alcoholic since he was 16, long before i was thought of. it continued throughout my childhood. he was never abusive. i would go to his house on the weekends and it was normal for the most part.. minus the fact that every single day after lunch he would start drinking. i remember looking in the kitchen trash can and counting at least 13 beer cans. he got sad when he was drunk. again, no abuse whatsoever, but it still wasn’t a good environment for a child to be around. i would also wake up to the sound of him vomiting in the bathroom. i remember going to a couple of aa meetings with him. he had gone to several rehabs before. he was in an intensive rehab facility (2 year program) when my mom had a psychotic episode and was diagnosed with schizophrenia. i was 12. as my legal guardian, my dad had to come out of the program to care for me. the first night home, he gave in and drank. since that moment on, i’ve abandoned hope for him. he decided to give into alcohol in my time of need. i get that addiction is harder then i could ever really understand - but the idea of being around my dad or talking to my dad gives me so much anxiety. ever since i turned 18, i haven’t spoken to him. he will send me cards but i have never responded. i feel guilt for avoiding him but i feel so much anxiety when i think about speaking to him or seeing him. i feel like i will be happy with my life with not ever seeing him again. and it sounds so harsh because he’s never really done anything to me - compared to some stories i hear - but it just gives me so much unnecessary stress. does anyone else have anything similar? am i in the wrong for avoiding him for the rest of my life?",Anxiety,Depression,0.8482,reviewer,Anxiety,Depression,Anxiety
"Hi everyone, (edit: the title should say “after reading the symptoms” btw). I feel like I should give a little background. About 7-8 months ago I left my abusive ex-girlfriend, she was my first serious partner and we were together for about a year and a half. She pretty much ruined my life, and I experienced all kinds of abuse while I was with her (and even when we were apart), including emotional, mental and physical. Fast forward to today, I have a new relationship with the sweetest girl in the world, a brand new start since I’m a freshman in college, and there’s a good chance that I will never have to speak with or maybe even see my ex for a good while.",Normal,Depression,0.7998,reviewer+resolver_agree,Depression,Depression,Depression
"Just had the worst panic attack Was at my moms for dinner. Had a plate in the kitchen when I all of a sudden didn’t feel too great, kinda faint. Tried to walk it off and got dizzy, tunnel vision, sweaty and heart rate was through the roof. Seriously felt like I was about to die so I told my mother and wife. 

They sat me down and calmed me but it felt like it took forever. I just about told them to call an ambulance because I was sure it was the end. Easily the worst and scariest panic attack I’ve ever had. 

Fuck, I thought I was doing better.",Anxiety,Anxiety,0.8336,proposer,Anxiety,Depression,Anxiety
"So basically I am still living with my parents and in september i will move to an other city. The fact that I will live alone scares me because I am already in a real hard depression, and loneliness make it 10 times worse. Really concerned about my depression for next year",Depression,Depression,0.9135,proposer+reviewer_agree,Depression,Depression,Depression
"if i cannot die in the literal sense, i will just become such an empty and hollow she will of a human being that i may as well be dead. no more interests. no more hobbies, no more skills, no more emotions, and no more goals. no potential will exist, thus erasing expectations. there is no personality to speak of. let myself fail out of school, let myself starve to death. I will lose all my friends, maybe my family will disown me. i never want to be remembered. erasing myself",Suicidal,Suicidal,0.6598,proposer,Suicidal,Suicidal,Suicidal
the gladstudy is interested in learning about the underlying psychological medical amp genetic risk factor that play a crucial role in anxiety amp depression visit http t co dnzizcccur amp register your interest from cornwall partnership nh foundation trust nihrresearch http t co osgusuw j,Depression,Depression,0.76,proposer+reviewer_agree,Depression,Depression,Depression
"Constantly trying to better myself and failing and realizing how stupid, incapable and inferior I am. Making bad decissions that seem like good decissions at first, but only because I am dumb. Constantly losing to everyone.Like I get it, the world needs people like me for others to feel like winners. But it is all just so humiliating. I know I am not supposed to see things as a competition but objectively speaking life at it is very core is nothing but a competition.Sadness, anger and derpression are just signs from my brain that I am losing the competition and I am losing it big time. I know what people will tell me. I just have to keep trying, my time will come blablabla. But I am so TIRED of trying. I am constantly stressed out so I cannot relax, I do not feel like eating. I just want it all to end. None of the good things that ever happend to me are worht what I am feeling now.But I know I am too much of a coward to actually end it. I am too attatched to this world for some reason. So like a bad trip I will just have to sit this out. I hope time goes as fast as everyone says Life is so humiliating",Suicidal,Suicidal,0.6694,proposer,Suicidal,Depression,Suicidal
"after reading about avicii probably committing suicide, and watching the documentary you can clearly see that avicii was a person like us with anxiety and stress. you can see he is being used by his management who just wanted to make money, even if he was ill. i hope it opens people’s eyes that you can everything and still can be unhappy, mental health is still not respected enough. rip tim bergling",Anxiety,Anxiety,0.5702,proposer,Anxiety,Depression,Anxiety
you can yell at them.,Normal,Normal,0.922,proposer+reviewer_agree,Normal,Normal,Normal
"what if we both get into a gang of criminals: I took your heart, and you took my heart?",Normal,Normal,0.6745,proposer,Normal,Normal,Normal
I am 18 i have one last year before collage i tried to get into photoshop but you am horrible and i cannot do it there nothing in life that I am good at i do not know what i want to do in life I am trying new things but I am horribie i cannot get a part time job bc I am socially awakrd and just weird someone pls pls talk to me and tell me i can live after high school bc fuck the rate I am going now is horrible with everything growing up,Depression,Depression,0.7151,reviewer,Depression,Depression,Suicidal
"especially when it's people who call asking for information (doctor, insurance, etc.) &amp;#x200b; if i tell them i don't know, they seem to get frustrated at me. sorry that i don't know everything.",Anxiety,Depression,0.6003,reviewer,Anxiety,Depression,Normal
Sleep Any suggestion to sleep easily? I cant sleep until morning. Just lying in bed and wishing dead..,Depression,Depression,0.6553,reviewer,Depression,Depression,Normal
So i have been reading about side affects and people are saying talking about the insomnia and luckily i have not had anything bad just a headache. But I am only on day 3 and to be honest I am feeling ok. So my question is when should i take this prozac. I take it in the morning right now and its making me drowsy and sleepy but I am thinking this is just a side affect and maybe i should keep taken it in the morning untill this side affects go away. But on the other hand I am thinking should i take it at night. But if the drowsiness is just a side affect and it goes away then i should not take it at night because of the insomnia side affect. I am really confused on this.. Has anyone experience this any help would be very appreciated. I hope you can understand what I am trying to say. Can someone help me with this decision about prozac.,Depression,Depression,0.9241,reviewer+resolver_agree,Depression,Depression,Depression
why today's heart doesn't feel good..jealous?.anxious?.disappointed?.feeling failed?,Anxiety,Anxiety,0.8698,proposer,Anxiety,Depression,Anxiety
"I do not debate with myself anymore about the outward circumstances impacting me. It feels like I suffered deafness from sudden impact to my mind. I can still see, hear, feel what is going on around me but it is all muted. I have become so detached I am starting to not even ruminate on things anymore. There is just silence. A stillness inside. An acceptance. A knowing: this is what life is, this is what people are like, this is your life. Meaningless receptor of pain. A type of damage and grief that is so large it has become a void inside me without echo. I just exist in it. Laying staring in the distance. I stopped fighting. I lay dying figuratively now. Just darkness, the silence, the depth, the fright, the terror. I feel like an helpless animal that was being attacked so at first I fought frantically. Now I just lay no longer fighting back, not crying though the pain is present, being terrorized abused, destroyed. I am disassociating as I lay dying. My breaths are heavy like my mind. I do not care anymore. I am free falling in slow motion in the void. A ghost in a she will. Does anyone else feel this way? Did I explain myself well? When it all became silent",Suicidal,Depression,0.8561,reviewer+resolver_agree,Depression,Depression,Depression
"tonight i was at the park playing pokémon go. i had just gotten off of work and thought it would be relaxing to walk around and catch some mons before i went home. while i was there, i decided to roll up the sleeves on my sweater because i was overheating. underneath is a 7"" long vertical scar. immediately afterward, i met a guy about four years younger than me. we talked a little bit and he started following me around the park. he seemed nice, so i had no problem with this. about ten minutes in, he made a joke about suicide. ""no big deal"", i thought, ""he probably hasn't noticed my scar."" as we continued, the jokes got more frequent. i began to get suspicious, but didn't want to be too reactant. after about an hour, we sat on a bench near two lured stops and he was making near constant sarcastic remarks about ""killing himself"" while intermittently looking at my scar and smirking. two minutes later, his friend (new to me) sat down and joined in. i diffused the situation gracefully and got them to leave, but i went home and felt really low. all i was trying to do was enjoy some time out of the house and play my game and these idiots completely ruined my night. it was a huge trigger, but i've calmed down. regardless, what would motivate a person to be so cruel when they are completely unprovoked?",Depression,Depression,0.7333,reviewer,Anxiety,Depression,Anxiety
"I am going to start tracking all my anxiety symptoms so I can go back and laugh at myself later When this shit is happening it’s unbelievably taxing mentally, but after it’s over it’s laughably stupid. 

For instance, today 4/10, 7pm. Was eating trail mix and a protein drink and had a twinge of nausea. Since I’m on lisinopril I can’t have a ton of potassium so of course I freak out and think my potassium is building up and that I’m gonna have a heart attack. 
Fucking stupid. This is at least the 40th time. Little stuff like this happens at least 4-5 times a day. What fun.",Anxiety,Anxiety,0.9109,proposer,Anxiety,Depression,Anxiety
I have nobody. I have nobody at all. I was at the hospital the other night for a really bad kidney infection and I just...I loved being there...they took care of me..they get payed for it but...idk...I just want to feel taken care of...held and loved...it is stupid...I am out of the hospital now but all I can think about is getting back...I want to hurt myself to get back in..not like a cutting or burning (which I do sometimes) but I mean...like...breaking my own fingers or something...it is desperate but..nobody wants me otherwise so... I am just an attention seeking whore right?,Suicidal,Depression,0.5699,reviewer,Suicidal,Depression,Depression
"Rumination - Tips Hi there,

do you have any tips how to deal with rumination? I know that trying to suppress it is counterproductive. I've decided to try to distract myself during the next episodes by playing scrabble on my phone because it needs some thinking while going for a walk or cleaning the shower allows for rumination during the activity.

Thank you very much in advance",Depression,Depression,0.8007,reviewer,Depression,Depression,Normal
"How to deal with abuse from parents. Dude i am so fed up from this.My mother is a narcissist and she blames me for every thing that has ever gotten wrong in our house and my father is literally so scared of her that he keeps silent.Man, she even blames me for her mistakes.I am really fed up.",Normal,Depression,0.4876,reviewer,Normal,Depression,Normal
"Anybody else feel this way? It scares me how there is just a ridiculously large amount of small things that you could do without knowing that you shouldnt, and a large amount of things that could happen to you and its like fuck the human body is just so fragile and I worry that my immense future potential is going to be FUCKED by something stupid like this. About every month something feels wrong with me and I freak out. Sometimes it is just something normal that I wasnt previously aware of, but now that I am aware of it I feel like something wrong

My psychological speculation is that perhaps I was coddled to much when I was younger so now I just have a poor sense of safety.

Anybody in the same boat?",Anxiety,Depression,0.8502,reviewer,Anxiety,Depression,Anxiety
"25 was a hard birthday for me. reflecting on my life and where i'm at had me feeling really down. it seemed out of no where my mental health started making things that were once easy, very very hard. it's taken a toll on my self esteem. i'm starting over with everything. myself, my home, my career, my education, my health, my relationships, nothing is the same. i've been battling bipolar depression, panic attacks, schizophrenia episodes, constant suicidal ideation and started 2020 in a mental hospital begging to just die. i've lost my identity in the process of everything. i've never been more scared. i'm trying medication again, i'm back in therapy and am having more good days. i'm working on reaching out more to people. i'm thankful for those who made my quarantine birthday special. my mom made me a home made birthday cake with all my favorite things, my boyfriend had a paint night with me, my sister ordered me dinner to enjoy at home and the birthday wishes from everyone did not go unnoticed. i'm thankful to still be here, still trying, and still fighting &amp; i'm thankful for those that haven't given up on me when i've given up on myself. here's to 25 and the rest of my life. 🥳🙏🏻",Anxiety,Depression,0.8518,reviewer+resolver_agree,Anxiety,Depression,Depression
"today for example; woke up after a good nights sleep and had no symptoms in the morning. even went out and did some errands and then out of nowhere, i got a small attack. shook it off and went home but my entire evening has been sitting in bed, lthere seems to be no way to end the cycle.",Anxiety,Depression,0.7111,reviewer,Anxiety,Depression,Anxiety
i have never been confident enough to post my face on social media and it made me really anxious to think about. but today i finally did it and it feels amazing! 10/10 would recommend.,Anxiety,Anxiety,0.8469,proposer,Anxiety,Depression,Anxiety
"i do not feel anything anymore....i used to love and care about everything but got hurt so much that i used to wish that i could be like those girls who did not feel anything. Now my wish finally came true, i regret making that wish... Now that i do not feel anything, I am doing everything to feel something.Cutting, smoking, having sex. i cannot feel anything anymore.I am so numb i cannot cry anymore i do not feel any emotionsi just wake up, work and drinki wish i could go back back to when i could at least feel something.. numb",Depression,Depression,0.8612,proposer+reviewer_agree,Depression,Depression,Depression
"anxiety isn’t just chest pains, crying, and the inability to relax. it’s biting your nails until they bleed, then picking off the skin on your fingers once you’re out of nails to bite. it’s driving to the store only to sit in the parking lot for 20 minutes before turning back around, without even going inside. it’s getting a text message and forgetting to respond promptly, so instead of responding explaining you were busy, you leave the notification there for days, weeks, even months, getting a knot in your stomach every time you scroll past it or every time that person’s name comes up. it’s hearing a noise and planning in your mind where you’ll hide, what doors you’ll lock, and how you’ll secretly call for help if someone broke into your house. it’s asking your partner several times a day if they love you, partially kidding, but mostly needing to hear it because you find it so hard to love yourself in that moment. it’s putting off washing the dishes until there’s no dishes left, but then feeling overwhelmed by how many dishes there are to wash, so you just leave them another day. it’s understanding that what you’re worrying about is often irrational and not as extreme as your reaction warrants, but not being able to control your response. often times, it even means you can’t understand that what you’re worrying about is irrational or not as extreme as your reaction warrants. anxiety isn’t just chest pains, crying, and the inability to relax. it’s taking everyday parts of life and intensifying the excitement or fear they result in times a thousand, to the point that they seem impossible to face. some days are more manageable than others, and it’s on those days i try to remind myself that i can get through whatever anxiety throws my way. it’s hard for me to share this, but if even one person finds comfort in knowing they’re not alone in this.",Anxiety,Anxiety,0.9802,proposer,Anxiety,Depression,Anxiety
"I tried today, partial suspension, but I panicked when I started to pass out. I do not want to live like this anymore but I am too scared to end things. Help.",Suicidal,Suicidal,0.7852,proposer+reviewer_agree,Suicidal,Suicidal,Suicidal
"I just want to pass, there are so many obstacles « I'm so tired guyssss I want to rest for a while but I can't seem nervou",Anxiety,Depression,0.573,reviewer,Anxiety,Depression,Normal
Women with all their fragility and complexity.,Normal,Normal,0.8033,proposer+reviewer_agree,Normal,Normal,Normal
there are guys out there that literally beat their girlfriends or wives every day yet they still have girl friends and wives meanwhile i'm all alone and when i ask for advice people tell me i'll never get a girl because of x or y fucking hell im lonely,Depression,Depression,0.773,reviewer,Depression,Depression,Normal
"I am a single 36 M I have been having suicidal thoughts since I was about 14. I feel the end is coming soon. I work a good job and have my own apartment and car I also travel regularly. I also have no friends I also have no motivation to make friends or meet women. I recently started paying for my cremation,no viewing or memorial, and the funeral home is disposing of my ashes. I also moved from a shitty apartment to e decent one, I quit drinking, I have sought out professional help but anything the therapists have said goes in through one ear and out the other. I am so sick of ""you are not alone"" and ""there is help"" i know that but I do not want the help. I am just waiting to pay off my cremation. As of right now I am just going through the motions and making it look like I am putting in the effort but the reality is my mind is already made up. My final purchase will be the .12 gauge I am using on myself, only reason I do not buy it now is because if be too tempted to use it. Well planned suicide.",Suicidal,Suicidal,0.8753,proposer+reviewer_agree,Suicidal,Suicidal,Suicidal
"It wasn't that long ago, perhaps only a few months that I was in the darkest place that a human can be. Sitting on my kitchen floor with an empty bottle of wine and a knife on my wrist, ready to end it all. And for the first time in my 25 years of existence I though about life and I though about death, after all I was going to experience both within mere moments of each other. A multitude of thoughts raced through my mind. What will it be like?",Normal,Depression,0.544,reviewer,Suicidal,Depression,Suicidal
i thought i was getting to be ok. i should have known better. i cannot tell anyone its bad again. they will be so disappointed. i want to slit my throat. and jump off a building. fuxke,Suicidal,Suicidal,0.7882,proposer+reviewer_agree,Suicidal,Suicidal,Suicidal
some people tweets a lot.ThatÃ¯Â¿Â½s cool...I guess,Normal,Normal,0.898,proposer+reviewer_agree,Normal,Normal,Normal
it's amazing just how much better i feel after seeing my therapist for a single hour every 2 weeks. i always look forward to my sessions. possibly the best investment in myself that i've ever made,Depression,Depression,0.8112,reviewer,Depression,Depression,Normal
i am sad that  is  everything  to  see  here  yes  please  let  this  post  live,Normal,Normal,0.5786,proposer,Normal,Normal,Normal
"It’s like hes expecting my tummy is spilling over my jeans like a muffin(it’s not) I’m still a size small instead of an Xsmall like I used to be when 14 but that’s pretty fucking normal I reckon.its like god help me if I’m a medium right? Today I lashed out at him by saying omg dad it’s cuz I’m wearing these pants today ( the pants which are wide, loos high waisted and make ass look bigger), instead of skinny jeans so I obv gained like 10 pounds or tonnes of kilos or whatever overnight. Later on he said “it’s so easy to make you mad you shouldn’t react that way just cus you don’t think you’re fat” this made me think that he is doing this to get a rise out of me which isn’t cool for 55 yo dad or you know an adult. Or another reason is probably cuz he is getting older and living a sedentary lifestyle, it’s the holiday season and he put on weight he’s not doing anything about it and he’s taking it out on me, he’s a bit chubby but not like overly flabby it’s just most shirts don’t fit anymore. Anyway this part isn’t relevant to my relationship but I’d like to share anyway.",Normal,Depression,0.4812,reviewer,Anxiety,Depression,Anxiety
"I go back to work today, had some time off for mental health (body issues, alcohol, depression, you name it)... and I am absolutely terrified, anxiety levels are not okay. I honestly do not know how people work stressful jobs, stay sober, and keep health a priority. It sounds pathetic that I am 29 years old and still find adulting so hard. I just feel like there has to be more than this. The endless loop of dragging your ass to work, being excited to have time off work, then dreading the next work day so much you cannot even enjoy your time off. I dunno... I am ranting here. Work life balance.",Depression,Depression,0.8192,proposer+reviewer_agree,Depression,Depression,Depression
kishorek this is strange illegal torrent avlbl everywhere legal dvd not in stock what do i do now,Normal,Normal,0.8339,proposer+reviewer_agree,Normal,Normal,Normal
thinking the short and flip flop may have been a bad idea,Normal,Normal,0.7994,proposer+reviewer_agree,Normal,Normal,Normal
"&amp;#x200B;I had planned to kill myself last week but ended up not going through with it. This week I had to face the consequences (i.e boss being mad and almost getting fired due to not showing up to work that week). One of the hardest things that I have to deal with while suffering from suicidal thoughts is that despite how at the edge I am, the world does not stop moving Like I could be seconds away from ending it and then a few hours later slaving away at my laptop, because as much as people like to say they understand - your boss does not actually give a shit that you want to blow your brains out. And so to deal with it, I frequently try to pretend that everything around me is not happening to ME but to someone else. Sometimes removing myself from situations makes it more bearable. Does anyone else do this Pretending you are in a dream/movie",Suicidal,Depression,0.6574,reviewer,Suicidal,Depression,Suicidal
"I feel empty.First of all, I just want to say. I know I’m not the worst off person, I know some people would be overwhelmed to live the way I do. 
The thing is, I’m just empty, sad and feel terribly alone. 

Secondly, I’m not sure if this is the right place to vent and I can’t guarantee I’ll make any sense. 

For the last 10 years, I’ve felt alone, numb and have struggled to find any light in any situation. 

I went through years (4) of feeling numb, with no emotion. I struggle with depression and anxiety. I’m on high alert all the time, it’s exhausting. 

I work, 0830-1700 Monday to Friday. It barely pays the bills. So no money for luxuries. I have an apartment. The added stress from having less than 5 in the bank a week from the end of the month tips me over the edge. Sometimes I’ll sit and stare at the wall until I go to bed once I’m home from work. 

I frequently have the urge to just end it all, kill myself. I mean, I don’t feel as I anyone would care. Other than my mother. She’s the only reason I haven’t. 

I’m weak, and I know I have to push on and live my life. I just wish I could enjoy it.",Suicidal,Depression,0.8412,reviewer+resolver_agree,Depression,Depression,Depression
"They were like an inch long. The little things. Next goal, Showering! Trying to get out if my ""great depression"". I finally cut my nails!",Depression,Depression,0.7468,reviewer+resolver_agree,Depression,Depression,Depression
"Lazy people have wasted opportunities that God has given them, even though God has never created anything in vain.",Normal,Normal,0.7211,proposer,Normal,Depression,Normal
"Hi guys, this is my throwaway account because I have friends on my mainI am bairly 13 years old and I want to dieEveryday I wake up I feel hopeless like there is nothing to do or I am nothing just an anoter person just living,everyday it just the same as the other feeling bad constantly saying ""sorry"" or ""excuse me"" for no reason then crying myself telling myself I am not good enough I know you guys cannot do much but I really want your help What is the point?",Depression,Depression,0.783,reviewer,Depression,Depression,Suicidal
"it is been a long fucking 23 year shitshow. been abused multiple times, had lies told about me. almost had my entire life ruined by my own family. thought things were getting better. moved, started college. now everything hit the fucking fan. first, my mom's car stopped working, leaving us with no transportation. now she has to spend loads of money just to take a fucking uber to work and back. we will not be able to afford the rent this saturday. she said i would need to get a job and help. I am enrolled full time in summer classes and am absolutely swamped by schoolwork each week. so I am giving up. I am tired. i want my rest. i hate to leave the few people who give a shit, like my boyfriend, behind but i cannot see myself making it through 2021, much less the rest of the summer. goodbye world, thanks for dealing me a shit hand. tired, been struggling too long. giving up this week",Suicidal,Suicidal,0.7539,proposer,Suicidal,Depression,Suicidal
"Oh, I forgot Aversives. This is where the therapist is openly punitive, hostile or withholding, explicitly, in order to punish and teach you. Linehan gives three sentences towards ant ethical criticism of this, by saying it works. It also uses fun techniques like giving multiple sessions a week, plus groups, which are mandatory. There is also telephone contact.",Normal,Normal,0.7424,proposer+reviewer_agree,Normal,Normal,Normal
"I do not know what to do anymore.I cry every day and struggle with bad thoughts any time any minor inconvenience happens.I love my boyfriend so much, more than anything and I do not want to leave knowing he will be so sad / mad / disappointed.I just am not happy with my life and I see no future in the world. I am plagued by ptsd from r*pe and I feel horrible all the time. I have given therapy and prescription drugs so many chances and each time I feel more defeated. I do not know what to do. I am tired of being sad. Hopeless but in love.",Suicidal,Depression,0.7604,reviewer+resolver_agree,Depression,Depression,Depression
"Depression is my only “friend” Yup, that’s right. Depression is my only friend. It’s so great to feel so unwanted, insecure, hopeless, lonely, guilty, anxious, fatigued, and emotionally unstable. Depression is my bestest friend in the whole wide fucking world. I love it so much. It’s so great, it’s the best thing that has ever happened in my useless pathetic, existence. Yeah, it’s so great! I HATE my FUCKING life, I just want to die.",Depression,Depression,0.9281,proposer+reviewer_agree,Depression,Depression,Depression
"Every day for the past month I have basically just been trying to run out the clock. I scroll on my phone all day to get the thoughts out of my head because I do not want to kill myself and I am trying to just let myself live long enough until one day I feel better. But how long is that even going to take? I am just wasting my life distracting myself when I really should have just killed myself years ago. I do not even deserve to be on this planet, I do not contribute to anything. lm boring, I am dumb, I hurt the people around me. Can someone just give me a reason to hold on? Its so tiring to have to keep finding new ways to convince myself to keep going every five minutes. I do not want to die but I am so sick of waiting for things to get better",Suicidal,Suicidal,0.712,proposer,Suicidal,Depression,Suicidal
lizdinkel lol i figured a much but you never know we don t talk anymore maybe you became easily offended,Normal,Normal,0.8677,proposer+reviewer_agree,Normal,Normal,Normal
so fucking bored of work,Normal,Normal,0.8573,proposer+reviewer_agree,Normal,Normal,Normal
If you call one do they send the police to check on you Suicide hotlines,Suicidal,Normal,0.6175,resolver,Normal,Suicidal,Normal
"it sucks when they see you and the first thing they ask you ""so what are you playing now?"", or when you got in the dean's list ""oh check him out, he plays dota 24/7 and got a good grade. maybe you should also play dota and get a good grade!"". i don't play videogames just because it's fun. i play videogames because i am alone and miserable but want to be a part of something",Depression,Depression,0.6873,reviewer,Normal,Depression,Normal
"I have been feeling extremely frustrated and lost for some time now. I used to feel like ending it all, but then I thought about the opportunities or things I would miss out on if I was gone.So I tried to be a bit more optimistic towards life and kept the ""Every cloud has a silver lining"" approach to things. I feel that this predicament will soon be over. But everytime I feel that things will get better in life, something happens and makes it worse for me. I just want to let it all out. I want to cry it out. I feel that it would make me feel better. But I just do not feel any emotion. it is like I am all dead inside.Years ago, I was quite sensitive. Even over small jokes or arguments, I used to get teary eyed. Then some things in life took place which just made me rough. Though it made me a stronger person, I feel lost at times. Even if I want to cry, I just cannot. I feel empty and crushed. What should I do to let it all out? How do I make myself cry?",Depression,Depression,0.7957,proposer+reviewer_agree,Depression,Depression,Depression
"Has therapy helped you? Hi guys, I just found this sub. I've had health anxiety my whole life, but as of the past year it's gotten so much worse and it's really ruining my life. I feel like I have symptoms of OCD mixed in as well. There is always something I'm worried about, and I suffer from intrusive thoughts regarding exposure to disease/carcinogens/etc extremely often. 

It has given me some kind of solace scrolling through this sub and seeing I'm not alone. I really would like to see a therapist regarding this issue, and I'm wondering if any of you have done the same with positive results. Are any of you prescribed medication as well? I'm not keen on medication but I would take it if deemed necessary. 

TLDR; I'm looking to get professional help. Has professional help helped to effectively treat your issues with health anxiety?",Anxiety,Anxiety,0.963,proposer,Anxiety,Depression,Anxiety
@PeoplemapsJulie I am looking for the berocca then all will be well,Normal,Normal,0.647,proposer,Normal,Depression,Normal
"Dizzy spells I have randomly been getting dizzy spells while sitting down looking at a phone or computer. It last for about 5 seconds and subsides. I am not sure if it is blood pressure related, or something else, but I am trying to find the root cause.

I take 10MG of lexapro daily and definitely have anxiety and health anxiety. I’ve been to the doctors and have checked out okay. Has anyone experienced anything like this, and if so, how are you handling it?",Anxiety,Anxiety,0.9473,proposer,Anxiety,Depression,Anxiety
"professors are evaluated based on how successful our students are. objectively, it’s in our best interest for you to be successful. if you have a question about the final make sure you reach out and ask. also, if you don’t so well, you most likely won’t fail just because you bombed one exam. i hope this helps!",Anxiety,Normal,0.5624,resolver,Anxiety,Normal,Normal
Suddenly restless. Nobody wants to make Spaces like that. Let's hear the klean talk.,Anxiety,Anxiety,0.7046,proposer,Anxiety,Depression,Anxiety
"I am 25yo and I thought that by now I would be used to this feeling. But everyday it is just seems so hopeless, somehow I always end up fighting with someone I care about and end up feeling like I am the problem and would be better if I did not exist. I cannot see a reason to keep going, but everyone just expects me to be fine.I cannot make friends or keep them and always end up pushing everyone away thinking it would be best like this. In the end, the only thing keeping me from not terminating my life is the fact that I could not find a way to make it looks like an accident so people would not feel bad about it and this just adds more bad feelings.I am sorry for any errors, english is not my first language. I am just so tired",Suicidal,Depression,0.751,reviewer,Depression,Depression,Suicidal
"UglyI feel so bad, because I come from a wealthy family, I have many advantages in this world, many people wish they had my life, but I don't want that. The only thing that I want is to be handsome. I'm fucking ugly AF. All of my family members are attractive, why was I born ugly? I can't even write a proper suicide note",Suicidal,Suicidal,0.7747,proposer+reviewer_agree,Suicidal,Suicidal,Suicidal
jibeeeeoooommmmmm!!!!!!,Normal,Normal,0.917,proposer+reviewer_agree,Normal,Normal,Normal
because if i do not and quickly my dog will be beat up in the house here i currently live by the people here. I need to find a fucking job,Suicidal,Suicidal,0.6071,proposer,Suicidal,Suicidal,Suicidal
"My thoughts amount to nothing ore than an attempt to intellectualize my own depression and suicidal tendencies, and if I had anything of real value to say it would be in a university and note a suicide note on Reddit.com so you should not take anything said here seriously. Id like to return to a time before I could process stimuli, a time long before I could recognize that I could process stimuli. Suffering is a quintessential characteristic of life. Endless strains of boredom are riddled with doubt, insecurity, and disappointment, and this is tolerated all in the pursuit of rare instances of euphoria. Id rather cease to react to anything at all, to forfeit my awareness of my thoughts, feelings, ambitions, physical pain. Id rather not have been born at all. Id like lose consciousness",Suicidal,Suicidal,0.766,proposer,Suicidal,Depression,Suicidal
"Lower left abdomen pain Well I have an appointment for an ultrasound tomorrow due to random but dull pain in my lower abdomen and in my left testicle. Could be multiple small things but now I'm convinced I have testicular cancer and am fully fearing getting it done lol, fun times. Any one have an experience with symptoms like these and was it serious ? Put my mind to rest or not lol 😂 I'm 20 btw",Anxiety,Anxiety,0.8382,proposer+reviewer_agree,Anxiety,Anxiety,Anxiety
"Hi there, I'm a 21 year old Scottish student studying contemporary art practice at an honours degree level. Is anyone interested in allowing me to use their words for use in my project for university? The consequences psychological abuse has for victims is an incredibly tricky but important subject to portray through art. I have made sure to research rather heavily on the subject of the affects of mental abuse, as well as having my own personal experience with it. I will make sure to represent it with respect for everyone that has went through something similar.",Normal,Normal,0.5219,proposer,Normal,Depression,Normal
i think he wanted to cool off.,Normal,Normal,0.9211,proposer+reviewer_agree,Normal,Normal,Normal
"as i spent the last hour reading posts and responses here, i came to the realization that there is just not enough dialogue going on here. people are reaching out, placing their problems on display with only minimal responses. anyone that has gone through the process of coming to this subreddit has done so with the full knowledge of their own anxiety. please be mindful of everyone else's struggles. everyone has stories to share. be kind and respond. when you read a story, upvote and share your opinions in real time. a lot may depend on it.",Anxiety,Depression,0.7201,reviewer,Anxiety,Depression,Anxiety
"How do I carry on?I've been with this woman for 6 years... We've been married for 2...more than likely not much longer. The last 6 years I went from independent to very dependent on her because she insisted on taking care of me. She wanted to be a good wife... She was the perfect wife. 

Now she's gone... My addiction pushed her away for the last time. Now I'm lost without her. I'm alone in this state, my family lives elsewhere. I'm running out of money, I can't work, I can't sleep, I just can't function. I'm trying to be a better man and be strong. But I'm failing. It's been a month and I'm at the point where there's no hope anymore. I just want to die. She doesn't love me anymore....she says she doesn't care about me...so why should I care about me anymore?",Suicidal,Depression,0.7109,reviewer,Suicidal,Depression,Suicidal
"Mashallah, Allahuma Barik ™ ¾",Normal,Normal,0.917,proposer+reviewer_agree,Normal,Normal,Normal
